case_type,qid,qtype,question,gold_answer_from_dataset?,model_answer,status,reason,recall@10,ndcg@10,correctness,groundedness,cited_valid,cited_invalid,gold_pmids,top10,reviewer_verdict,notes
high_retrieval_low_judge,201,treatment,What is the suggested therapy for Mycobacterium avium infection?,"The activity of TLC G-65 (a liposomal gentamicin preparation), alone and in combination with rifapentine, clarithromycin, clofazimine and ethambutol, was evaluated in the beige mouse (C57BL/6J--bgj/bgj) model of disseminated Mycobacterium avium infection. TLC G-65 in combination with rifapentine appears to be an attractive regimen for the treatment of infections caused by bacteria in the M. avium complex. Rifampin 10 mg/kg daily, ciprofloxacin 500 mg twice daily, clofazimine 100 mg every day, and ethambutol 15 mg/kg orally daily for 24 weeks, with or without amikacin 10 mg/kg intravenously or intramuscularly 5 days weekly for the first 4 weeks. In vivo phage treatment may also be used in some cases.","The passages identify clarithromycin or azithromycin as effective therapies, while noting that clarithromycin monotherapy can lead to relapse from resistant mutants and that companion drugs are needed to help prevent macrolide resistance; the optimal companion regimen is not specified. [PMID:8733409]",answered,,1.0,0.76,0.0,1.0,[8733409],[],"[8733409, 16584300, 19929882, 1387133, 9875582, 11073759]","[12355367, 9875582, 16584300, 8733409, 16410940, 15347635, 11073759, 1387133, 19929882, 19302308]",,
high_retrieval_low_judge,369,treatment,At which kind of individuals is pharmacological treatment of subclinical hypothyroidism effective in reducing cardiovascular events?,"Treatment of subclinical hypothyroidism is associated with fewer cardiovascular events in younger individuals, but this issue has not been resolved yet in elderly people.","The passages do not establish that pharmacological treatment reduces cardiovascular events in any subgroup. Trials did not assess cardiovascular morbidity or mortality, and treatment benefit for cardiovascular-event reduction remains unresolved [PMID:17636722, PMID:16542047].",insufficient_evidence,model_reported_insufficient,0.75,0.698,0.0,,"[16542047, 17636722]",[],"[17636722, 19463607, 16026106, 16542047]","[16542047, 16259335, 21823062, 17636722, 23369134, 16026106, 17434631, 24315768, 18221125, 23660007]",,
high_retrieval_low_judge,575,mechanism,What is the mechanism of action of decitabine?,Decitabine reactivates unmethylated p21WAF1 in some AML cell lines but the possible occurrence of p21WAF1 methylation in AML in vivo has not been studied in detail and decitabine effects on p21WAF1 chromatin remodeling have not been reported. We also discuss the following questions: What is the best administration schedule of decitabine in solid tumors? Is there tumor type specificity for decitabine-based epigenetic therapy? We found that p21WAF1 mRNA was undetectable in 6 of 24 AML patient samples and 4 of 5 AML cell lines but there was no evidence of p21WAF1 promoter methylation.,"Decitabine depletes DNMT1 and inhibits DNA methylation, enabling re-expression of silenced genes through promoter demethylation and associated chromatin changes, including release of histone deacetylases and increased histone acetylation [PMID:16043219, PMID:22893792]. It can also remodel chromatin and induce unmethylated genes without promoter demethylation, and its effects are not limited to DNA demethylation [PMID:16043219, PMID:16273408].",answered,,0.8571428571428571,0.798,0.25,1.0,"[16043219, 16273408, 22893792]",[],"[16273408, 22893792, 25123082, 16585166, 16043219, 24286424, 16211386]","[16273408, 19808971, 16043219, 22893792, 21796622, 16585166, 23007409, 24286424, 25123082, 23085465]",,
high_retrieval_low_judge,721,list,List clinical trials for prevention of sarcopenia,"Several clinical trials with androgen replacement therapy. 
Study was to evaluate the effect of omega-3 fatty acid supplementation on the rate of muscle protein synthesis. This trial was registered at clinical trials.gov as NCT00794079","The passages do not list clinical trials specifically for prevention of sarcopenia. They mention an 8-week omega-3 supplementation trial in older adults that measured muscle protein synthesis, and recommend future trials of interventions such as resistance training, testosterone, and antioxidant supplementation, but do not establish these as prevention trials. [PMID:21159787, PMID:21968872]",insufficient_evidence,model_reported_insufficient,1.0,0.943,0.0,,"[21159787, 21968872]",[],"[21968872, 21159787, 22739566, 18615229, 23892221]","[21968872, 18615229, 20852673, 21159787, 22739566, 23114011, 23892221, 26506009, 20223299, 11173673]",,
high_retrieval_low_judge,2106,yesno,Does GATA-1 regulate ribosomal protein genes?,"Mutations in exon 2 interfere with the synthesis of the full-length isoform of GATA-1 and lead to the production of a shortened isoform, GATA-1s. These mutations have been found in patients with Diamond-Blackfan anemia (DBA), a congenital erythroid aplasia typically caused by mutations in genes encoding ribosomal proteins. Sixteen of the corresponding transcription factors are of particular interest, as they are housekeeping genes or show a direct link to hematopoiesis, tumorigenesis or leukemia (e.g. GATA-1/2, PU.1, MZF-1). ","The passages do not establish whether GATA-1 regulates ribosomal protein genes; they describe GATA-1 regulation of other genes and note ribosomal protein gene mutations in DBA. [PMID:24453067, PMID:22706301, PMID:12202480, PMID:16177182]",insufficient_evidence,model_reported_insufficient,0.6666666666666666,0.651,0.0,,"[12202480, 16177182, 22706301, 24453067]",[],"[10224082, 19587786, 24453067]","[24453067, 22706301, 12202480, 16177182, 10224082, 26100014, 15920471, 28448767, 16339652, 12351384]",,
high_retrieval_low_judge,2287,list,List the four most important interferonopathies,"Aicardi-Goutières syndrome
chilblain lupus
ubiquitin specific peptidase 18 (USP18)-deficiency
Singleton-Merten syndrome","The passages do not identify or rank the four “most important” interferonopathies. They mention examples including Aicardi-Goutières syndrome, USP18 deficiency, CANDLE, SAVI, and familial chilblain lupus. [PMID:28519900, PMID:27678529, PMID:28844088]",insufficient_evidence,model_reported_insufficient,0.875,0.909,0.0,,"[27678529, 28519900, 28844088]",[],"[27678529, 28585220, 28578473, 27863149, 28089741, 27821552, 28844088, 28519900]","[27821552, 28519900, 28578473, 27678529, 28844088, 28089741, 21803750, 25861459, 31660791, 28585220]",,
high_retrieval_low_judge,2405,mechanism,How does parathyroid hormone affect circulating levels of periostin?,Parathyroid hormone can upregulate periostin levels.,"The passages do not report how parathyroid hormone affects circulating periostin levels; they describe PTH-related periostin mRNA changes in osteoblasts, not circulating levels. [PMID:20654714]",insufficient_evidence,model_reported_insufficient,1.0,1.0,0.0,,[20654714],[],[20654714],"[20654714, 27965160, 30196986, 26131357, 27435108, 25248363, 25759527, 21496980, 2669121, 19604460]",,
high_retrieval_low_judge,3289,definition,Describe the Disambiguate algorithm and its application in next generation sequencing data,"Grafting of cell lines and primary tumours is a crucial step in the drug development process between cell line studies and clinical trials. Disambiguate is a program for computationally separating the sequencing reads of two species derived from grafted samples. Disambiguate operates on DNA or RNA-seq alignments to the two species and separates the components at very high sensitivity and specificity as illustrated in artificially mixed human-mouse samples. This allows for maximum recovery of data from target tumours for more accurate variant calling and gene expression quantification. Given that no general use open source algorithm accessible to the bioinformatics community exists for the purposes of separating the two species data, the Disambiguate tool presents a novel approach and improvement to performing sequence analysis of grafted samples. Both Python and C++ implementations are available and they are integrated into several open and closed source pipelines. Disambiguate is open source and is freely available at https://github.com/AstraZeneca-NGS/disambiguate.","Disambiguate computationally separates sequencing reads from two species in grafted samples, operating on DNA- or RNA-seq alignments to both species. It showed high sensitivity and specificity in artificially mixed human–mouse samples, enabling greater recovery of target-tumour data for variant calling and gene-expression quantification. Python and C++ implementations are available, and the tool is integrated into several sequencing pipelines. [PMID:27990269]",insufficient_evidence,mostly_uncited,1.0,1.0,0.0,,[27990269],[],[27990269],"[27990269, 21385047, 25303992, 25183486, 21934668, 26405948, 23813006, 25252952, 23671339, 20472541]",,
high_retrieval_low_judge,3411,definition,What is a J pouch?,The j pouch is a colonic j-pouch with anastomosis to the rectal stump. It is an accepted form of reconstruction after low anterior resection (lar) for rectal carcinoma.,"A J pouch is an ileal pouch constructed during ileal pouch-anal anastomosis, a procedure used for medically refractory ulcerative colitis and familial adenomatous polyposis [PMID:29787362].",answered,,1.0,1.0,0.0,1.0,[29787362],[],"[29125801, 29787362, 29577558]","[29787362, 29577558, 29125801, 32905675, 22470656, 15550786, 25846706, 8956889, 1905075, 16003132]",,
high_retrieval_low_judge,3753,yesno,Is Bcl-2-like protein 1 an pro apoptotic protein?,"No,
it is an anti-apoptotic protein.",The passages do not identify Bcl-2-like protein 1 or state whether it is pro-apoptotic.,insufficient_evidence,model_reported_insufficient,0.5,0.218,0.0,,[],[],"[28521469, 24837143]","[17074758, 30185825, 11340567, 17519046, 8798665, 24837143, 30185782, 23744350, 27211800, 23475110]",,
high_retrieval_low_judge,4396,definition,What is OHRQoL?,"The assessment of the oral health-related quality of life (OHRQoL) is possible with the Oral Health Impact Profile-14 (OHIP-14) questionnaire comprising 7 subdomains: functional limitation, physical pain, psychological discomfort, physical disability, psychological disability, social disability, and handicap","OHRQoL is the perceived impact of oral diseases and dental interventions on a person’s quality of life, including oral function, orofacial pain and appearance, and psychosocial well-being. [PMID:32658317]",answered,,0.5,1.0,0.25,1.0,[32658317],[],"[32658317, 33626895, 21290909, 27585185, 29947814, 33625386, 33625387, 28608821, 22420792, 32593355, 17333837, 33042894, 32715739, 15239781, 33237227]","[32658317, 21290909, 17333837, 32593355, 22420792, 31753458, 29947814, 33237227, 27585185, 33042894]",,
high_retrieval_low_judge,4697,yesno,"Is disruption of immune regulation mechanisms associated with adverse pregnancy outcomes, including preeclampsia (PE)?",Inflammation and oxidative stress at the maternal-fetal interface characterize the placental dysfunction that underlies the pregnancy disorder preeclampsia.,"Yes. Disrupted immune regulation and immune maladaptation are associated with adverse pregnancy outcomes, including preeclampsia (PE). [PMID:30079067, PMID:19683334, PMID:24520479]",answered,,0.9090909090909091,1.0,0.25,1.0,"[19683334, 24520479, 30079067]",[],"[32573856, 21498785, 32161574, 19683334, 34509865, 30058156, 34412079, 31608721, 29756666, 30079067, 24520479]","[30079067, 19683334, 32161574, 24520479, 34509865, 29756666, 30058156, 32573856, 34412079, 21498785]",,
